region,gdhi_per_head_£
London,35361
South East,28500
East of England,26800
South West,25900
UK average,24836
East Midlands,22300
West Midlands,22000
Yorkshire/Humber,21800
North West,21500
Wales,20900
Northern Ireland,20100
North East,19977
